peptide,HLA,immunogenicity
SPTSSRTSSL,HLA-B*0702,0.17188108
TYIPPLLVAF,HLA-A*2402,0.6547577
LYIYPQSLNF,HLA-A*2402,0.3255828
KYMTAVVKLF,HLA-A*2402,0.48840716
FLAEDALNTV,HLA-A*0201,0.4544532
ILAVDGVLSV,HLA-A*0201,0.49987283
SLLDVSQTSV,HLA-A*0201,0.38712063
LLMEGVPKSL,HLA-A*0201,0.52162856
YYPPSQIAQL,HLA-A*2402,0.3786543
TYSVSFDSLF,HLA-A*2402,0.59379226
FLYAPTILLW,HLA-A*2402,0.41359973
FLAEAELLNL,HLA-A*0201,0.6458863
GLLDKAVSNV,HLA-A*0201,0.76629555
QLLDGFMITL,HLA-A*0201,0.5920673
KLYNNGFTSV,HLA-A*0201,0.5157489
FLAERLYAEV,HLA-A*0201,0.40822726
IPSDLERRIL,HLA-B*0702,0.74963725
LMFDDYVLYL,HLA-A*0201,0.7434122
QYSWFVNGTF,HLA-A*2402,0.34014606
KYLTAEAFGF,HLA-A*2402,0.5516032
AMVWEGLNVV,HLA-A*0201,0.66512036
KWVESIFLIF,HLA-A*2402,0.4632594
ILFPDIIARA,HLA-A*0201,0.6891163
SLLGQLSGQV,HLA-A*0201,0.7632686
FINDEIFVEL,HLA-A*0201,0.708728
RLLDLAQEGL,HLA-A*0201,0.65599763
SLQDVPLAAL,HLA-A*0201,0.8972087
EYMKALGVGF,HLA-A*2402,0.42115527
RMMEYGTTMV,HLA-A*0201,0.45163822
FLPEFGISSA,HLA-A*0201,0.92346907
ALLAGLVSLL,HLA-A*0201,0.726094
FYDPMFKYHL,HLA-A*2402,0.41518405
GPGAGSLQPL,HLA-B*0702,0.70990586
SLFEGIDFYT,HLA-A*0201,0.8952348
RYYVGHKGKF,HLA-A*2402,0.49850535
ILFGISLREV,HLA-A*0201,0.56330633
TLDEKVAELV,HLA-A*0201,0.69229984
TPWEGGLFKL,HLA-B*0702,0.7331861
SLADTNSLAV,HLA-A*0201,0.5611756
KYEAMTKLGF,HLA-A*2402,0.49570364
ALWGPDPAAA,HLA-A*0201,0.9067043
KYKELTEQQL,HLA-A*2402,0.20090699
GVYDGREHTV,HLA-A*0201,0.21579209
LLFGLALIEV,HLA-A*0201,0.81755555
LLQDSVDFSL,HLA-A*0201,0.5506435
DYLRSVLEDF,HLA-A*2402,0.37559313
GVYDGEEHSV,HLA-A*0201,0.48348716
GPLISHGRFL,HLA-B*0702,0.12257138
AMLGTHTMEV,HLA-A*0201,0.7401426
ILLGIGIYAL,HLA-A*0201,0.8003895
YLNTVQPTCV,HLA-A*0201,0.8079564
ALALEVGELV,HLA-A*0201,0.24354702
YLNDHLEPWI,HLA-A*0201,0.7993752
ILEGIGILSV,HLA-A*0201,0.86108744
SLNYSGVKEL,HLA-A*0201,0.783238
GLPSGAPPGV,HLA-A*0201,0.72187585
LYLIHSPMSL,HLA-A*2402,0.4079836
LLIDLTSFLL,HLA-A*0201,0.82449436
TLLLEGVMAA,HLA-A*0201,0.5758413
SYGVLLWEIF,HLA-A*2402,0.5104305
FLTPKKLQCV,HLA-A*0201,0.6418509
SHLVEALYLV,HLA-A*0201,0.50326294
GLDGLQYSPV,HLA-A*0201,0.57715327
YLQGQRLDNV,HLA-A*0201,0.5995756
KMYAFTLESV,HLA-A*0201,0.58351225
KQLAELETWV,HLA-A*0201,0.51532227
RLPSSADVEF,HLA-B*0702,0.56527954
VYVKGLLAKI,HLA-A*2402,0.48468262
YLCSGSSYFV,HLA-A*0201,0.8238028
KLGDFGSARL,HLA-A*0201,0.8353251
ILEGIGILAV,HLA-A*0201,0.9359052
LIIDGLFMEI,HLA-A*0201,0.7206018
LLDGTATLRL,HLA-A*0201,0.22848687
LLLGIGILVL,HLA-A*0201,0.8999634
SLYHVYEVNL,HLA-A*0201,0.68549556
TLTSGIMFIV,HLA-A*0201,0.5922976
LLQERGVAYI,HLA-A*0201,0.83671266
KLRQEVKQNL,HLA-A*0201,0.56129307
RRDGGIIIYF,HLA-C*0701,0.8881732
DYSARWNEIF,HLA-A*2402,0.6370448
APEAILSKAV,HLA-B*0702,0.22910216
QLFRNPHQAL,HLA-B*0702,0.84027684
KYAGESFPGI,HLA-A*2402,0.4126755
KIADPICTFI,HLA-A*0201,0.73135644
VLSRNILLEL,HLA-A*0201,0.60671973
VVVPYEPPEV,HLA-A*0201,0.69957894
LYLVCGERGF,HLA-A*2402,0.8870166
KLVEFDFLGA,HLA-A*0201,0.7527714
TTLITNLSSV,HLA-A*0201,0.69219965
SPVGSPGPLA,HLA-B*0702,0.87134844
AVAANIVLTV,HLA-A*0201,0.80794185
MWVPVVFLTL,HLA-A*2402,0.43939915
YMNSGPVVAM,HLA-A*0201,0.8454833
FLMLVGGSTL,HLA-A*0201,0.552621
YYPPSQIAQL,HLA-B*0702,0.36944848
QLFRNPHQAL,HLA-A*0201,0.5482179
ALWMRLLPLL,HLA-A*0201,0.7112859
QLFNKHTMFI,HLA-A*0201,0.39127806
FLYAPTILLW,HLA-A*0201,0.5317961
KLMSSNSTDL,HLA-A*0201,0.3895931
RLPSSADVEF,HLA-A*2402,0.57870823
HPRYFNQLST,HLA-B*0702,0.50056434
FLLSLFSLWL,HLA-A*0201,0.5781365
FTFALTPQQV,HLA-A*0201,0.5458804
LLCAGQVTAL,HLA-A*0201,0.63755375
LIAAPDTMSV,HLA-A*0201,0.54424036
GLEALVPLAV,HLA-A*0201,0.9553907
SLPTTMNYPL,HLA-B*0702,0.31985158
KVYLRVRPLL,HLA-A*2402,0.35116804
AMPFATPMEA,HLA-A*0201,0.93748057
RVYISYLDSI,HLA-A*2402,0.5424407
MCQWGRLWQL,HLA-A*0201,0.88662595
LYLIHSPMSL,HLA-A*0201,0.31517774
MLVGGSTLCV,HLA-A*0201,0.6815457
FYAFSYYYDL,HLA-A*2402,0.40172368
RYLTQETNKV,HLA-A*2402,0.23964518
KLMSPKLYVW,HLA-A*2402,0.21465746
LYCESVHNFT,HLA-A*2402,0.31924832
YLQLVFGIEV,HLA-A*0201,0.595052
LPPTKKHCSV,HLA-B*0702,0.07380715
LLAALVQDYL,HLA-A*0201,0.7435932
AMPFATPMEA,HLA-B*0702,0.8167343
EYVYEFRDKL,HLA-A*2402,0.30650866
GISCQGIIAV,HLA-A*0201,0.7349993
NLVESALRRV,HLA-A*0201,0.7990508
DYPSLSATDI,HLA-A*2402,0.61776763
HLCGSHLVEA,HLA-A*0201,0.8788065
ILVLASTITI,HLA-A*0201,0.7262584
RLSATVPNTI,HLA-A*0201,0.41852313
RMLYFAPDLV,HLA-A*0201,0.20657307
TLIRWAILEA,HLA-A*0201,0.378619
RYLTVAAVFR,HLA-A*2402,0.46893144
WLSLKTLLSL,HLA-A*0201,0.3867031
AQPDTAPLPV,HLA-B*0702,0.15534261
SFFTPSTLGL,HLA-A*2402,0.6088475
KPDIFFKISW,HLA-B*0702,0.14593169
VLLQAGSLHA,HLA-A*0201,0.6283256
KLMSPKLYVW,HLA-A*0201,0.48114604
QLGPTCLSSL,HLA-A*0201,0.75629604
RLQTALLVVL,HLA-A*0201,0.27237737
VILANIYLLV,HLA-A*0201,0.705385
AQPDTAPLPV,HLA-A*0201,0.4918873
LQSFDAALYL,HLA-A*0201,0.49467435
LLLASIAAGL,HLA-A*0201,0.6533961
VYDYNCHVDL,HLA-A*2402,0.59692705
VLLALLMAGL,HLA-A*0201,0.61129063
QMFAMKEIRL,HLA-A*0201,0.42199808
VYDFFVWLHY,HLA-A*2402,0.48903435
RSLEYLPLRF,HLA-A*2402,0.6656835
YMIDPSGVSY,HLA-A*0201,0.9003523
LQNGPIYARV,HLA-A*0201,0.7380479
KLYNNGFTSV,HLA-A*2402,0.28969872
LLMWITQCFL,HLA-A*0201,0.7325466
RIRAVGLLTV,HLA-A*0201,0.7768811
VISNDVCAQV,HLA-A*0201,0.5524198
ELTLGEFLKL,HLA-A*0201,0.39171076
FYDPMFKYHL,HLA-C*0701,0.7181672
VMMVNGDHRI,HLA-A*0201,0.2399458
YYPPSQIAQL,HLA-C*0701,0.8559905
LLKSSCAPSV,HLA-A*0201,0.7690863
HYRKWIKDTI,HLA-A*2402,0.43690827
SVHSLHIWSL,HLA-A*0201,0.5412824
SVHSLHIWSL,HLA-B*0702,0.85033387
SLYHVYEVNL,HLA-A*2402,0.47898355
LLCYSCKAQV,HLA-A*0201,0.32621485
SLPTTMNYPL,HLA-A*0201,0.4994527
LLALLPALGL,HLA-A*0201,0.8277222
RRDGGIIIYF,HLA-A*2402,0.56745213
GLPSGAPPGV,HLA-B*0702,0.74065506
RYLTQETNKV,HLA-A*0201,0.070552826
ILNWFTQMCL,HLA-A*0201,0.29562035
YMIDPSGVSY,HLA-C*0701,0.98030174
CVDDSQDYYV,HLA-A*0201,0.45813882
RYCNLEGPPI,HLA-A*2402,0.7625331
KLFGTSGQKT,HLA-A*0201,0.70173955
RIRAVGLLTV,HLA-B*0702,0.7757424
SLQDVPLAAL,HLA-B*0702,0.8831837
TYIPPLLVAF,HLA-C*0701,0.99027133
KLRQEVKQNL,HLA-B*0702,0.42269915
CLLWSFQTSA,HLA-A*0201,0.6048573
TPWEGGLFKL,HLA-A*2402,0.75269747
FLKGIGWIPI,HLA-A*0201,0.5444794
LLDKAVSNVI,HLA-A*0201,0.7955616
GPLISHGRFL,HLA-A*0201,0.1300197
ILKNADLSLA,HLA-A*0201,0.84224904
MEVDPIGHLY,HLA-C*0701,0.96022666
KLRQEVKQNL,HLA-C*0701,0.7317928
LNIYEKDDKL,HLA-A*0201,0.38524598
GLLFLHTRTI,HLA-A*0201,0.7549476
AMVMMKAILV,HLA-A*0201,0.44233456
LIAHNQVRQV,HLA-A*0201,0.7122129
LIFLLLLPSV,HLA-A*0201,0.60676974
VFELANSIVL,HLA-A*2402,0.43634877
NLVRDDGSAV,HLA-A*0201,0.437556
LMFDDYVLYL,HLA-A*2402,0.27430075
YMIDPSGVSY,HLA-A*2402,0.5895657
YMIDPSGVSY,HLA-B*0702,0.9433594
VMIIVSSLAV,HLA-A*0201,0.5902104
FLPEFGISSA,HLA-B*0702,0.75515676
KLKHYGPGWV,HLA-A*0201,0.787003
ALWMRLLPLL,HLA-A*2402,0.6005361
ALSSQHQARI,HLA-A*0201,0.610185
YMNSGPVVAM,HLA-B*0702,0.9365233
KMYAFTLESV,HLA-A*2402,0.46668
KVYLRVRPLL,HLA-B*0702,0.28154784
ACDPHSGHFV,HLA-A*0201,0.8672453
VMNILLQYVV,HLA-A*0201,0.7238122
KLMSSNSTDL,HLA-B*0702,0.6386887
RVYISYLDSI,HLA-A*0201,0.36680847
LLMEGVPKSL,HLA-B*0702,0.5908611
FYDPMFKYHL,HLA-B*0702,0.17943314
FLLMWSCFGT,HLA-A*0201,0.77885246
MALWMRLLPL,HLA-A*0201,0.57330173
QLRFLAELAY,HLA-C*0701,0.9468557
EIDVNGILRV,HLA-A*0201,0.8194959
CMLGTYTQDF,HLA-A*2402,0.5453425
ALSYLVSFQT,HLA-A*0201,0.36565137
WMRLLPLLAL,HLA-A*0201,0.76127625
KVYLRVRPLL,HLA-A*0201,0.5295813
GLLVSIFALK,HLA-A*0201,0.5129842
RLPSSADVEF,HLA-A*0201,0.4669376
LYIYPQSLNF,HLA-C*0701,0.8707876
MEVDPIGHLY,HLA-A*0201,0.8245224
QLFRNPHQAL,HLA-A*2402,0.323395
MDLLSSRSPL,HLA-B*0702,0.61767536
QLLHDKGKSI,HLA-A*0201,0.3790069
NLVRDDGSAV,HLA-B*0702,0.7559644
STMERWGQKY,HLA-C*0701,0.960211
FLMLVGGSTL,HLA-B*0702,0.6295859
MLLLLSAARA,HLA-A*0201,0.57930416
FYDPMFKYHL,HLA-A*0201,0.53108746
LLAKMKHPNI,HLA-A*0201,0.6766844
TYIPPLLVAF,HLA-B*0702,0.74889696
RSVEGLSRRL,HLA-B*0702,0.9274348
KYKELTEQQL,HLA-C*0701,0.86622864
EAAGIGILTV,HLA-A*0201,0.9365846
NYSVRYRPGL,HLA-A*2402,0.6642882
QLCPICRAPV,HLA-A*0201,0.7968959
VSDKTGLVEF,HLA-A*2402,0.55822915
ILDTAGQEEY,HLA-A*0201,0.5519539
WSLGCILYEL,HLA-A*0201,0.76192474
SFFTPSTLGL,HLA-A*0201,0.6557867
HVYDGKFLAR,HLA-A*0201,0.2841618
GVYDGREHTV,HLA-A*2402,0.2169421
GVYDGREHTV,HLA-B*0702,0.2582856
VLVASRGRAV,HLA-A*0201,0.41286543
FINDEIFVEL,HLA-B*0702,0.664868
SVHSLHIWSL,HLA-A*2402,0.7331345
NLSALGIFST,HLA-A*0201,0.8526428
QEAPDVVAFV,HLA-A*0201,0.27215132
DYVREHKDNI,HLA-A*2402,0.44489828
SADVEFCLSL,HLA-B*0702,0.3953767
MLMIVLLVFA,HLA-A*0201,0.62458533
WMRLLPLLAL,HLA-B*0702,0.5924203
FLHHLIAEIH,HLA-A*0201,0.72522134
KAFLTQLDEL,HLA-A*2402,0.48127437
FLYAPTILLW,HLA-C*0701,0.8830953
LEADPFLKYL,HLA-A*0201,0.54938495
DIAGIGLKTV,HLA-A*0201,0.8755413
PIAPEIALEL,HLA-A*0201,0.7885679
SFFTPSTLGL,HLA-B*0702,0.8932769
SEICGANHSF,HLA-A*2402,0.4316859
RESEEESVSL,HLA-B*0702,0.75552344
LVALLVCLTV,HLA-A*0201,0.71159303
STYFTGILQK,HLA-A*2402,0.5639356
QPWQVLVASR,HLA-B*0702,0.6885211
MCQWGRLWQL,HLA-B*0702,0.81144863
KEFTVSGNIL,HLA-A*2402,0.49653995
VYDFFVWLHY,HLA-C*0701,0.87179285
SLNYSGVKEL,HLA-B*0702,0.67216504
VLSRNILLEL,HLA-B*0702,0.58559453
VLVASRGRAV,HLA-B*0702,0.36027217
SLPTTMNYPL,HLA-A*2402,0.29223222
RYYVGHKGKF,HLA-C*0701,0.8123766
FYVTETTFQK,HLA-A*2402,0.5870192
LHHAFVDSIF,HLA-A*2402,0.40863442
KAFLTQLDEL,HLA-A*0201,0.7273134
MDLLSSRSPL,HLA-A*0201,0.43272674
KVETYKEQPL,HLA-B*0702,0.42042586
WLSLKTLLSL,HLA-B*0702,0.49445868
QLFNKHTMFI,HLA-A*2402,0.34991837
ALFSVLNYER,HLA-A*0201,0.77081394
KYKELTEQQL,HLA-B*0702,0.3255564
SVHSLHIWSL,HLA-C*0701,0.9803717
MALWMRLLPL,HLA-B*0702,0.518007
LLCAGQVTAL,HLA-B*0702,0.7548251
SPVGSPGPLA,HLA-A*0201,0.87785923
KAFLTQLDEL,HLA-B*0702,0.7128737
KLGDFGSARL,HLA-B*0702,0.84524775
FINDEIFVEL,HLA-C*0701,0.9136076
VSDKTGLVEF,HLA-B*0702,0.8860048
HESRTNTDIL,HLA-B*0702,0.18507102
SFFTPSTLGL,HLA-C*0701,0.9633403
LYLIHSPMSL,HLA-B*0702,0.16202596
LVALLACLTV,HLA-A*0201,0.7635359
LMFDDYVLYL,HLA-C*0701,0.9334122
MEVDPIGHLY,HLA-A*2402,0.6610787
MEVDPIGHLY,HLA-B*0702,0.86285776
VFELANSIVL,HLA-B*0702,0.8193619
LTDAVKVMDL,HLA-A*0201,0.8624337
HVYDGKFLAR,HLA-C*0701,0.65505385
MWVPVVFLTL,HLA-A*0201,0.88791853
MCQWGRLWQL,HLA-A*2402,0.7412399
GVYDGEEHSV,HLA-A*2402,0.5018844
VSCAGQMLEV,HLA-A*0201,0.7864053
QLGPTCLSSL,HLA-B*0702,0.46234244
NVLHFFNAPL,HLA-A*0201,0.57269007
YYPPSQIAQL,HLA-A*0201,0.43779534
AVYFKGLWKS,HLA-A*0201,0.5238697
DLLSHAFFAI,HLA-A*0201,0.3710817
QLLDGFMITL,HLA-B*0702,0.64814717
QLLDGFMITL,HLA-A*2402,0.39695263
KPDIFFKISW,HLA-A*2402,0.33693993
GIVEQCCTSI,HLA-A*0201,0.37607154
RIRAVGLLTV,HLA-C*0701,0.91389424
SEICGANHSF,HLA-B*0702,0.5629942
RSLEYLPLRF,HLA-C*0701,0.9670721
EYRGFTQDFK,HLA-A*2402,0.5573947
ERIPLPPHLC,HLA-C*0701,0.9694425
RSVEGLSRRL,HLA-A*0201,0.98034525
LLDGTATLRL,HLA-B*0702,0.2148472
RESEEESVSL,HLA-A*0201,0.3305971
LMFDDYVLYL,HLA-B*0702,0.7345167
YMNSGPVVAM,HLA-C*0701,0.9778797
SADVEFCLSL,HLA-A*0201,0.16402355
FTFALTPQQV,HLA-A*2402,0.56738174
STYFTGILQK,HLA-C*0701,0.8934194
KYMTAVVKLF,HLA-C*0701,0.6269448
VEGSGELFRW,HLA-A*2402,0.4318501
RSLEYLPLRF,HLA-A*0201,0.85307086
QMFAMKEIRL,HLA-A*2402,0.3185897
PLPPARNGGL,HLA-B*0702,0.6356878
RLQTALLVVL,HLA-B*0702,0.5422613
WMRLLPLLAL,HLA-C*0701,0.9527726
YTCPLCRAPV,HLA-A*0201,0.3695398
LEADPFLKYL,HLA-B*0702,0.52202225
LLGPKREVDM,HLA-B*0702,0.695945
ILFPDIIARA,HLA-A*2402,0.46404558
RMMEYGTTMV,HLA-B*0702,0.6660062
LIAAPDTMSV,HLA-B*0702,0.35048848
TPWEGGLFKL,HLA-A*0201,0.6065224
AVYFKGLWKS,HLA-A*2402,0.64328665
VSDKTGLVEF,HLA-C*0701,0.92742753
LQSFDAALYL,HLA-C*0701,0.76168966
RLLDLAQEGL,HLA-B*0702,0.4492681
RRDGGIIIYF,HLA-A*0201,0.5222215
KIADPICTFI,HLA-B*0702,0.6236387
YMNSGPVVAM,HLA-A*2402,0.7063795
RLSATVPNTI,HLA-A*2402,0.2666657
HVYDGKFLAR,HLA-B*0702,0.72378427
LYIYPQSLNF,HLA-A*0201,0.4129791
LYIYPQSLNF,HLA-B*0702,0.5874468
TYSVSFDSLF,HLA-C*0701,0.93759906
LLIDLTSFLL,HLA-A*2402,0.56374884
AAGIGILTVI,HLA-A*0201,0.84989357
LLGPKREVDM,HLA-A*0201,0.6857024
TEIEALKEEL,HLA-B*0702,0.45426047
LYLIHSPMSL,HLA-C*0701,0.58064663
TEIEALKEEL,HLA-A*0201,0.5052157
SLNYSGVKEL,HLA-C*0701,0.9439826
VYDYNCHVDL,HLA-B*0702,0.51247716
SLADTNSLAV,HLA-B*0702,0.7930775
KLYNNGFTSV,HLA-B*0702,0.59559566
GLVLSGVLHK,HLA-A*0201,0.8113517
SLQDVPLAAL,HLA-C*0701,0.97386694
EYVYEFRDKL,HLA-A*0201,0.25471532
QYSWFVNGTF,HLA-C*0701,0.7333989
ISSNNAVIEL,HLA-A*0201,0.5558672
ALLAGLVSLL,HLA-B*0702,0.8342465
IQDLRRRFFL,HLA-A*0201,0.62258136
KLRQEVKQNL,HLA-A*2402,0.33810496
VMMVNGDHRI,HLA-A*2402,0.41478527
ILDTAGQEEY,HLA-C*0701,0.8728905
KYLTAEAFGF,HLA-A*0201,0.3847404
FINDEIFVEL,HLA-A*2402,0.3604138
SLQDVPLAAL,HLA-A*2402,0.6229647
RLLDLAQEGL,HLA-A*2402,0.45553392
RLSATVPNTI,HLA-B*0702,0.23437431
SEEWERCQSF,HLA-A*2402,0.53752375
EAAGIGILTV,HLA-B*0702,0.888242
PLPPARNGGL,HLA-A*2402,0.60210174
ALWGPDPAAA,HLA-B*0702,0.98968375
FTFALTPQQV,HLA-C*0701,0.92052865
SLQKRGIVEQ,HLA-A*0201,0.7792162
KLMSPKLYVW,HLA-C*0701,0.8560526
QLLHDKGKSI,HLA-B*0702,0.62173754
TYIPPLLVAF,HLA-A*0201,0.86539614
LLMEGVPKSL,HLA-A*2402,0.23621023
VSDKTGLVEF,HLA-A*0201,0.8617583
SHLVEALYLV,HLA-A*2402,0.49328762
AQPDTAPLPV,HLA-A*2402,0.3244803
KIADPICTFI,HLA-A*2402,0.3600056
VYDYNCHVDL,HLA-C*0701,0.8512194
HVYDGKFLAR,HLA-A*2402,0.4659208
EYVYEFRDKL,HLA-B*0702,0.23473927
RRDGGIIIYF,HLA-B*0702,0.647148
LLMEGVPKSL,HLA-C*0701,0.77619755
DYPSLSATDI,HLA-B*0702,0.6200117
PIAPEIALEL,HLA-A*2402,0.5776255
LLQDSVDFSL,HLA-B*0702,0.57035774
KYAGESFPGI,HLA-A*0201,0.60651445
LTDAVKVMDL,HLA-B*0702,0.697725
RYYVGHKGKF,HLA-B*0702,0.2890768
SLLDVSQTSV,HLA-B*0702,0.4241045
ATLPPFMCNK,HLA-A*0201,0.5862995
LLQERGVAYI,HLA-B*0702,0.66065294
LLDGTATLRL,HLA-A*2402,0.135236
KEFTVSGNIL,HLA-B*0702,0.5239722
STYFTGILQK,HLA-A*0201,0.46459156
GVYDGREHTV,HLA-C*0701,0.48327696
KLMSPKLYVW,HLA-B*0702,0.65454227
FLTPKKLQCV,HLA-C*0701,0.94881505
IQDLRRRFFL,HLA-A*2402,0.53723013
LEADPFLKYL,HLA-A*2402,0.41737866
GVYDGEEHSV,HLA-B*0702,0.45608586
LLQDSVDFSL,HLA-A*2402,0.2975011
ILAVDGVLSV,HLA-C*0701,0.8917142
ILLGIGIYAL,HLA-B*0702,0.7608292
QLFRNPHQAL,HLA-C*0701,0.9276233
LLALLPALGL,HLA-B*0702,0.6257021
SEICGANHSF,HLA-A*0201,0.20826736
FLAEAELLNL,HLA-A*2402,0.668773
KVYLRVRPLL,HLA-C*0701,0.5952247
MCQWGRLWQL,HLA-C*0701,0.94889
LQSFDAALYL,HLA-A*2402,0.4465229
RTAVYHEILI,HLA-A*0201,0.13592118
VLSRNILLEL,HLA-A*2402,0.47334972
AVAANIVLTV,HLA-B*0702,0.78927064
LEADPFLKYL,HLA-C*0701,0.85514784
FLAEAELLNL,HLA-B*0702,0.824484
RLQTALLVVL,HLA-A*2402,0.44446573
ILDTAGQEEY,HLA-B*0702,0.7090236
HYRKWIKDTI,HLA-B*0702,0.56094515
ILAVDGVLSV,HLA-B*0702,0.7152848
KVETYKEQPL,HLA-A*0201,0.5326092
SLYQLENYCN,HLA-A*0201,0.55037266
RVYISYLDSI,HLA-B*0702,0.122419775
ALSSQHQARI,HLA-B*0702,0.45127925
SPTSSRTSSL,HLA-C*0701,0.61880356
KQLAELETWV,HLA-A*2402,0.3972271
KLMSSNSTDL,HLA-A*2402,0.24207056
HYRKWIKDTI,HLA-C*0701,0.90246224
FLMLVGGSTL,HLA-A*2402,0.4884311
EYMKALGVGF,HLA-B*0702,0.2934244
SEEWERCQSF,HLA-B*0702,0.8284353
MWVPVVFLTL,HLA-B*0702,0.7422274
KYEAMTKLGF,HLA-C*0701,0.6366817
QEAPDVVAFV,HLA-B*0702,0.41241872
FYAFSYYYDL,HLA-C*0701,0.8157997
RESEEESVSL,HLA-A*2402,0.43397182
KLGDFGSARL,HLA-A*2402,0.44136947
QLRFLAELAY,HLA-A*0201,0.70568603
STMERWGQKY,HLA-B*0702,0.8058444
SPTSSRTSSL,HLA-A*0201,0.09975931
FLAEDALNTV,HLA-B*0702,0.38932642
IQDLRRRFFL,HLA-B*0702,0.6773097
RSVEGLSRRL,HLA-A*2402,0.89709496
LAQPPSGQRR,HLA-B*0702,0.7469572
RMMEYGTTMV,HLA-A*2402,0.3169951
ISSNNAVIEL,HLA-B*0702,0.5469266
RSVEGLSRRL,HLA-C*0701,0.9907937
ILLGIGIYAL,HLA-A*2402,0.42671385
EYMKALGVGF,HLA-C*0701,0.8061224
KLYNNGFTSV,HLA-C*0701,0.8587353
ELTLGEFLKL,HLA-A*2402,0.70497525
LLDKAVSNVI,HLA-B*0702,0.6254755
ACDPHSGHFV,HLA-B*0702,0.7829926
LLLGAGESGK,HLA-A*0201,0.6816066
VYVKGLLAKI,HLA-A*0201,0.68543583
TLDEKVAELV,HLA-B*0702,0.54152864
RSLEYLPLRF,HLA-B*0702,0.72155064
ATAGIIGVNR,HLA-A*0201,0.66505814
EYVYEFRDKL,HLA-C*0701,0.5913121
FLAERLYAEV,HLA-C*0701,0.6410082
VRSLLRSHYR,HLA-C*0701,0.9480952
SEICGANHSF,HLA-C*0701,0.7532593
VVVPYEPPEV,HLA-C*0701,0.9596102
KYMTAVVKLF,HLA-A*0201,0.4186627
HASGHSVAYK,HLA-B*0702,0.5681737
VFELANSIVL,HLA-A*0201,0.7506894
RLPSSADVEF,HLA-C*0701,0.89080614
FLAEDALNTV,HLA-C*0701,0.7421647
KYEAMTKLGF,HLA-B*0702,0.46671948
FLTPKKLQCV,HLA-B*0702,0.6711322
ERIPLPPHLC,HLA-A*0201,0.8095389
ESLFRAVITK,HLA-A*0201,0.6542268
HASGHSVAYK,HLA-C*0701,0.8394437
AAGIGILTVI,HLA-B*0702,0.57747364
AMVWEGLNVV,HLA-B*0702,0.81175447
KYKELTEQQL,HLA-A*0201,0.45025998
SLYHVYEVNL,HLA-B*0702,0.76687247
FLYAPTILLW,HLA-B*0702,0.75707877
LLIDLTSFLL,HLA-B*0702,0.85745883
SVAYKPGGFK,HLA-B*0702,0.8766203
STMERWGQKY,HLA-A*2402,0.91779053
ALWMRLLPLL,HLA-B*0702,0.6028985
LLAKMKHPNI,HLA-B*0702,0.5259179
FYVTETTFQK,HLA-A*0201,0.6225483
QLGPTCLSSL,HLA-A*2402,0.29541618
ISSNNAVIEL,HLA-C*0701,0.80586004
PLALEGSLQK,HLA-A*0201,0.5507643
LNIYEKDDKL,HLA-B*0702,0.2896875
ILDTAGQEEY,HLA-A*2402,0.55676174
MWVPVVFLTL,HLA-C*0701,0.9793385
STMERWGQKY,HLA-A*0201,0.8098515
NYSVRYRPGL,HLA-B*0702,0.5970242
PLPPARNGGL,HLA-A*0201,0.4717197
LLLGIGILVL,HLA-B*0702,0.8765346
IPSDLERRIL,HLA-A*2402,0.55006284
NVLHFFNAPL,HLA-B*0702,0.21645188
LLLASIAAGL,HLA-B*0702,0.5655564
ATLPPFMCNK,HLA-C*0701,0.9143138
LVCGERGFFY,HLA-C*0701,0.97844744
YLNDHLEPWI,HLA-A*2402,0.4232099
DYVREHKDNI,HLA-B*0702,0.26901907
KWVESIFLIF,HLA-A*0201,0.8956861
QKLRNSCKTW,HLA-A*2402,0.368366
LQSFDAALYL,HLA-B*0702,0.64165574
RLCHLSLMEK,HLA-A*0201,0.7148598
QYSWFVNGTF,HLA-B*0702,0.4122458
ELTLGEFLKL,HLA-B*0702,0.6555871
CMLGTYTQDF,HLA-A*0201,0.87513256
KWVESIFLIF,HLA-B*0702,0.6953667
QLRFLAELAY,HLA-B*0702,0.86657596
TLIRWAILEA,HLA-B*0702,0.28605616
FTFALTPQQV,HLA-B*0702,0.69536555
YEVDTGTLKS,HLA-A*0201,0.5205368
DYLRSVLEDF,HLA-C*0701,0.8972238
ILVLASTITI,HLA-A*2402,0.6001181
FYVTETTFQK,HLA-C*0701,0.9358594
QMFAMKEIRL,HLA-B*0702,0.43274403
RTAVYHEILI,HLA-A*2402,0.27624926
ALGMVLLGAK,HLA-A*0201,0.46692052
RYCNLEGPPI,HLA-B*0702,0.88867533
QLFNKHTMFI,HLA-B*0702,0.35121447
FLAEAELLNL,HLA-C*0701,0.8949879
PIAPEIALEL,HLA-B*0702,0.65845054
KYMTAVVKLF,HLA-B*0702,0.5647878
LHHAFVDSIF,HLA-C*0701,0.91588926
TPKTRREAED,HLA-B*0702,0.7994231
VVVPYEPPEV,HLA-B*0702,0.8275242
KAQVSNEDCL,HLA-A*0201,0.27912778
KAQVSNEDCL,HLA-B*0702,0.43419945
LCGSHLVEAL,HLA-A*0201,0.79948705
HPRYFNQLST,HLA-C*0701,0.7596569
IPSDLERRIL,HLA-C*0701,0.7329865
DIAGIGLKTV,HLA-B*0702,0.6712406
ILFGISLREV,HLA-C*0701,0.9008747
VVSQIIDKLK,HLA-A*0201,0.6790123
KYLTAEAFGF,HLA-C*0701,0.66259986
SLNYSGVKEL,HLA-A*2402,0.631659
GVYDGEEHSV,HLA-C*0701,0.8467988
ILEQSGEWWK,HLA-A*0201,0.8077894
LCGSHLVEAL,HLA-B*0702,0.5725155
QEQLLLKKMY,HLA-B*0702,0.22439831
DYSARWNEIF,HLA-C*0701,0.816396
GPGAGSLQPL,HLA-A*0201,0.7154052
ALFSVLNYER,HLA-C*0701,0.9551871
VYVKGLLAKI,HLA-B*0702,0.3578476
ACDPHSGHFV,HLA-C*0701,0.9640372
ISSNNAVIEL,HLA-A*2402,0.35988474
VVVPYEPPEV,HLA-A*2402,0.53234804
YLQGQRLDNV,HLA-B*0702,0.7246207
LTDAVKVMDL,HLA-C*0701,0.8468814
ILVLASTITI,HLA-B*0702,0.8412776
FLKGIGWIPI,HLA-B*0702,0.47694728
KWVESIFLIF,HLA-C*0701,0.95693016
KAFLTQLDEL,HLA-C*0701,0.93837595
FLAERLYAEV,HLA-B*0702,0.51848984
LLKSSCAPSV,HLA-B*0702,0.7037054
FLPEFGISSA,HLA-C*0701,0.9784493
VLSRNILLEL,HLA-C*0701,0.82605183
EAAGIGILTV,HLA-C*0701,0.96154505
RLSATVPNTI,HLA-C*0701,0.61277974
ERIPLPPHLC,HLA-A*2402,0.8021126
TEIEALKEEL,HLA-A*2402,0.43735686
ALLAGLVSLL,HLA-A*2402,0.64292556
YLNDHLEPWI,HLA-C*0701,0.89884996
QEAPDVVAFV,HLA-A*2402,0.29605448
LIIDGLFMEI,HLA-B*0702,0.56574374
CGSHLVEALY,HLA-C*0701,0.871884
TPWEGGLFKL,HLA-C*0701,0.9542059
CILEMLIAAP,HLA-A*0201,0.75215816
LIAAPDTMSV,HLA-C*0701,0.688518
ALFSVLNYER,HLA-A*2402,0.42419106
LAQPPSGQRR,HLA-C*0701,0.95840156
IQDLRRRFFL,HLA-C*0701,0.78105277
QLFNKHTMFI,HLA-C*0701,0.63785064
KIADPICTFI,HLA-C*0701,0.90138686
KEFTVSGNIL,HLA-A*0201,0.45108408
AQPDTAPLPV,HLA-C*0701,0.597853
YLCSGSSYFV,HLA-A*2402,0.30580068
FLTPKKLQCV,HLA-A*2402,0.66236234
EEEQAVRPKY,HLA-B*0702,0.76653206
NYSVRYRPGL,HLA-C*0701,0.9269414
ILFPDIIARA,HLA-C*0701,0.94308275
YLNDHLEPWI,HLA-B*0702,0.5639691
GLATVKSRWS,HLA-A*0201,0.7423021
SVAYKPGGFK,HLA-A*0201,0.8996477
LIAHNQVRQV,HLA-B*0702,0.5206708
LGERQLVHVV,HLA-B*0702,0.22400919
DYLRSVLEDF,HLA-B*0702,0.47134385
GISCQGIIAV,HLA-B*0702,0.77098155
TYSVSFDSLF,HLA-B*0702,0.5087481
EIDVNGILRV,HLA-B*0702,0.6732896
RYLTQETNKV,HLA-B*0702,0.08822277
PAAAFVNQHL,HLA-B*0702,0.48330814
IPSDLERRIL,HLA-A*0201,0.45479834
HLCGSHLVEA,HLA-B*0702,0.9213942
TLDEKVAELV,HLA-A*2402,0.58304334
LAQPPSGQRR,HLA-A*0201,0.56183434
GLLDKAVSNV,HLA-B*0702,0.74215937
FYAFSYYYDL,HLA-A*0201,0.3887178
ILNWFTQMCL,HLA-A*2402,0.41365635
AVAANIVLTV,HLA-C*0701,0.94076335
ILKNADLSLA,HLA-B*0702,0.9240422
SHLVEALYLV,HLA-C*0701,0.8561065
LLQDSVDFSL,HLA-C*0701,0.7688036
KYAGESFPGI,HLA-C*0701,0.76835644
TTLITNLSSV,HLA-B*0702,0.56483686
APEAILSKAV,HLA-A*0201,0.27473557
LLAALVQDYL,HLA-B*0702,0.53312457
ATLPPFMCNK,HLA-A*2402,0.45719525
SEEWERCQSF,HLA-A*0201,0.5555859
YLNTVQPTCV,HLA-B*0702,0.7739477
VYDYNCHVDL,HLA-A*0201,0.40491122
ILNWFTQMCL,HLA-B*0702,0.40146086
ERIPLPPHLC,HLA-B*0702,0.7836621
ATAGIIGVNR,HLA-C*0701,0.93359494
RMMEYGTTMV,HLA-C*0701,0.7937823
ILEGIGILSV,HLA-B*0702,0.765833
RESEEESVSL,HLA-C*0701,0.91489434
VYVKGLLAKI,HLA-C*0701,0.87147665
LTDAVKVMDL,HLA-A*2402,0.737527
AMLGTHTMEV,HLA-B*0702,0.60280234
RLLDLAQEGL,HLA-C*0701,0.8676796
LQNGPIYARV,HLA-B*0702,0.49925083
SLYHVYEVNL,HLA-C*0701,0.94295096
ILFGISLREV,HLA-A*2402,0.41299006
SADVEFCLSL,HLA-C*0701,0.7104484
VYDFFVWLHY,HLA-B*0702,0.26797858
YLNTVQPTCV,HLA-C*0701,0.9523089
LQNGPIYARV,HLA-A*2402,0.37266105
WLSLKTLLSL,HLA-A*2402,0.3868009
QLLDGFMITL,HLA-C*0701,0.94395053
SLLDVSQTSV,HLA-C*0701,0.8322263
SPTSSRTSSL,HLA-A*2402,0.28813514
ILEGIGILAV,HLA-B*0702,0.8817843
KMYAFTLESV,HLA-B*0702,0.6551129
VVVGACGVGK,HLA-A*0201,0.6938503
RIRAVGLLTV,HLA-A*2402,0.752293
SVKSCKHKEK,HLA-B*0702,0.4069559
RMLYFAPDLV,HLA-A*2402,0.4158757
ALWGPDPAAA,HLA-A*2402,0.8822901
SLLDVSQTSV,HLA-A*2402,0.33534193
LLCAGQVTAL,HLA-A*2402,0.40919608
GLEALVPLAV,HLA-B*0702,0.93660283
LLLGIGILVL,HLA-A*2402,0.5073591
QLRFLAELAY,HLA-A*2402,0.7420499
RTAVYHEILI,HLA-B*0702,0.09799042
LLMWITQCFL,HLA-B*0702,0.71721554
FLLSLFSLWL,HLA-A*2402,0.46039736
ATLPPFMCNK,HLA-B*0702,0.3244501
FLAERLYAEV,HLA-A*2402,0.39043242
MLVGGSTLCV,HLA-B*0702,0.9225357
KYAGESFPGI,HLA-B*0702,0.45366034
YTCPLCRAPV,HLA-B*0702,0.4625083
LLAKMKHPNI,HLA-C*0701,0.8555385
SADVEFCLSL,HLA-A*2402,0.3869993
SVAYKPGGFK,HLA-C*0701,0.98066974
ILFPDIIARA,HLA-B*0702,0.58139956
SLLGQLSGQV,HLA-B*0702,0.78608614
ACDPHSGHFV,HLA-A*2402,0.80987287
RYLTQETNKV,HLA-C*0701,0.44224784
LHHAFVDSIF,HLA-B*0702,0.51872134
TLLLEGVMAA,HLA-B*0702,0.7753763
GPLISHGRFL,HLA-C*0701,0.22259945
LLAKMKHPNI,HLA-A*2402,0.46082434
FLPEFGISSA,HLA-A*2402,0.45232907
FLAEDALNTV,HLA-A*2402,0.25097013
GLLFLHTRTI,HLA-B*0702,0.6026542
SLPTTMNYPL,HLA-C*0701,0.87709445
SLADTNSLAV,HLA-C*0701,0.80000883
GLPSGAPPGV,HLA-A*2402,0.7851359
RYLTVAAVFR,HLA-C*0701,0.8077961
SYGVLLWEIF,HLA-C*0701,0.8306116
LIIDGLFMEI,HLA-A*2402,0.5307759
EYRGFTQDFK,HLA-C*0701,0.89787436
LIAHNQVRQV,HLA-C*0701,0.8540084
SEEWERCQSF,HLA-C*0701,0.9090998
KPDIFFKISW,HLA-C*0701,0.78891116
STYFTGILQK,HLA-B*0702,0.37480482
QLCPICRAPV,HLA-B*0702,0.79608214
TLDEKVAELV,HLA-C*0701,0.79160523
RLQTALLVVL,HLA-C*0701,0.8641766
KMYAFTLESV,HLA-C*0701,0.9289882
ALALEVGELV,HLA-B*0702,0.35568368
ALEGSLQKRG,HLA-A*0201,0.79979134
LLDGTATLRL,HLA-C*0701,0.51041853
RVYISYLDSI,HLA-C*0701,0.86473703
QEAPDVVAFV,HLA-C*0701,0.5793768
LYLVCGERGF,HLA-C*0701,0.8812437
LLDKAVSNVI,HLA-A*2402,0.33911446
SLQKRGIVEQ,HLA-B*0702,0.69907296
ILAVDGVLSV,HLA-A*2402,0.43617815
DYSARWNEIF,HLA-B*0702,0.49914807
VFELANSIVL,HLA-C*0701,0.9605664
RYCNLEGPPI,HLA-C*0701,0.94910264
VYDFFVWLHY,HLA-A*0201,0.37079394
AMPFATPMEA,HLA-A*2402,0.8628768
QKLRNSCKTW,HLA-B*0702,0.423046
PAAAFVNQHL,HLA-A*2402,0.49982992
LLQERGVAYI,HLA-A*2402,0.4772175
LVCGERGFFY,HLA-A*0201,0.7501768
WMRLLPLLAL,HLA-A*2402,0.63180774
LGERQLVHVV,HLA-A*0201,0.55107534
HESRTNTDIL,HLA-A*2402,0.13245615
PIAPEIALEL,HLA-C*0701,0.93210876
KLGDFGSARL,HLA-C*0701,0.94702077
AVYFKGLWKS,HLA-B*0702,0.40737072
SLFEGIDFYT,HLA-C*0701,0.9715829
CVDDSQDYYV,HLA-B*0702,0.8344168
AMVMMKAILV,HLA-B*0702,0.42109138
QLLHDKGKSI,HLA-A*2402,0.32558733
STEWAEENSR,HLA-B*0702,0.85678333
VSCAGQMLEV,HLA-C*0701,0.95052844
STEWAEENSR,HLA-A*0201,0.79845995
LYLVCGERGF,HLA-A*0201,0.80484426
KEFTVSGNIL,HLA-C*0701,0.85435486
GIVEQCCTSI,HLA-B*0702,0.33059895
LQNGPIYARV,HLA-C*0701,0.82525027
VSCAGQMLEV,HLA-B*0702,0.78270215
ALSSQHQARI,HLA-A*2402,0.36935753
VMIIVSSLAV,HLA-B*0702,0.55122924
GPLISHGRFL,HLA-A*2402,0.19776618
ILFGISLREV,HLA-B*0702,0.5787767
MDLLSSRSPL,HLA-A*2402,0.42875695
ATAGIIGVNR,HLA-B*0702,0.7305149
LPPTKKHCSV,HLA-A*0201,0.16507232
FLHHLIAEIH,HLA-C*0701,0.90007365
LNIYEKDDKL,HLA-A*2402,0.49936244
TEIEALKEEL,HLA-C*0701,0.8785188
ELTLGEFLKL,HLA-C*0701,0.79452527
VILANIYLLV,HLA-A*2402,0.4384079
YEVDTGTLKS,HLA-B*0702,0.73605853
DLLSHAFFAI,HLA-A*2402,0.4155061
VISNDVCAQV,HLA-B*0702,0.34757006
AMLGTHTMEV,HLA-A*2402,0.37488902
RYLTVAAVFR,HLA-A*0201,0.34821522
KLKHYGPGWV,HLA-B*0702,0.9320025
MALWMRLLPL,HLA-C*0701,0.7040071
LAQPPSGQRR,HLA-A*2402,0.6717621
WSLGCILYEL,HLA-A*2402,0.5179236
KYLTAEAFGF,HLA-B*0702,0.379731
LLIDLTSFLL,HLA-C*0701,0.9679511
AMLGTHTMEV,HLA-C*0701,0.815614
HASGHSVAYK,HLA-A*0201,0.7343252
GLLFLHTRTI,HLA-A*2402,0.6860358
VLLQAGSLHA,HLA-B*0702,0.8431286
AMVWEGLNVV,HLA-A*2402,0.4615345
LPPTKKHCSV,HLA-A*2402,0.232602
FYAFSYYYDL,HLA-B*0702,0.31904954
SLADTNSLAV,HLA-A*2402,0.3452853
EYMKALGVGF,HLA-A*0201,0.33055657
RTAVYHEILI,HLA-C*0701,0.46389404
GTAAIQAHYK,HLA-A*0201,0.5851903
RYCNLEGPPI,HLA-A*0201,0.7033336
FLMLVGGSTL,HLA-C*0701,0.89031965
SVKSCKHKEK,HLA-C*0701,0.7364167
VLVASRGRAV,HLA-C*0701,0.5720862
KAQVSNEDCL,HLA-A*2402,0.40250754
VRSLLRSHYR,HLA-A*2402,0.69790936
PAAAFVNQHL,HLA-A*0201,0.5069798
LLAALVQDYL,HLA-A*2402,0.47262836
YLNTVQPTCV,HLA-A*2402,0.5279618
KPDIFFKISW,HLA-A*0201,0.11342129
QPWQVLVASR,HLA-A*2402,0.5306639
TYSVSFDSLF,HLA-A*0201,0.64004767
QMFAMKEIRL,HLA-C*0701,0.7513082
NLVESALRRV,HLA-B*0702,0.6898935
LLALLPALGL,HLA-A*2402,0.7507151
LLQERGVAYI,HLA-C*0701,0.9494295
VEGSGELFRW,HLA-A*0201,0.6921873
AVAANIVLTV,HLA-A*2402,0.616376
LLMWITQCFL,HLA-A*2402,0.43202594
GLDGLQYSPV,HLA-B*0702,0.45395255
EEEQAVRPKY,HLA-C*0701,0.858231
QEQLLLKKMY,HLA-A*2402,0.35933417
YLCSGSSYFV,HLA-B*0702,0.7813747
LNIYEKDDKL,HLA-C*0701,0.8510561
TLTSGIMFIV,HLA-C*0701,0.8948767
LYCESVHNFT,HLA-C*0701,0.7629549
VMMVNGDHRI,HLA-B*0702,0.38117
FLKGIGWIPI,HLA-A*2402,0.3930283
YLCSGSSYFV,HLA-C*0701,0.9459642
LLGPKREVDM,HLA-A*2402,0.39606488
ILNWFTQMCL,HLA-C*0701,0.7408165
QKLRNSCKTW,HLA-C*0701,0.8122029
LIIDGLFMEI,HLA-C*0701,0.8898805
HASGHSVAYK,HLA-A*2402,0.44101566
ALFSVLNYER,HLA-B*0702,0.79290384
MALWMRLLPL,HLA-A*2402,0.38163948
LVCGERGFFY,HLA-A*2402,0.45432723
AMPFATPMEA,HLA-C*0701,0.97386074
KLMSSNSTDL,HLA-C*0701,0.79124236
HESRTNTDIL,HLA-A*0201,0.27130425
LVCGERGFFY,HLA-B*0702,0.8409927
FYVTETTFQK,HLA-B*0702,0.73883235
GIHKQKEKSR,HLA-B*0702,0.48997724
VLLALLMAGL,HLA-B*0702,0.4082361
DYLRSVLEDF,HLA-A*0201,0.6939142
GLVLSGVLHK,HLA-C*0701,0.953884
LIAAPDTMSV,HLA-A*2402,0.4617304
YLQLVFGIEV,HLA-B*0702,0.587903
FLLSLFSLWL,HLA-B*0702,0.5486132
KVETYKEQPL,HLA-A*2402,0.30185866
ILEGIGILSV,HLA-A*2402,0.562653
KLFGTSGQKT,HLA-B*0702,0.7626187
GTAAIQAHYK,HLA-C*0701,0.7179247
ILLGIGIYAL,HLA-C*0701,0.95695305
SHLVEALYLV,HLA-B*0702,0.4997757
WSLGCILYEL,HLA-B*0702,0.682399
SVKSCKHKEK,HLA-A*0201,0.31037903
DYPSLSATDI,HLA-C*0701,0.9091456
ATAGIIGVNR,HLA-A*2402,0.57677066
YTCPLCRAPV,HLA-C*0701,0.76178503
HESRTNTDIL,HLA-C*0701,0.6001687
GLVLSGVLHK,HLA-A*2402,0.8342561
ESLFRAVITK,HLA-B*0702,0.6141771
YLQGQRLDNV,HLA-C*0701,0.9204045
LLCAGQVTAL,HLA-C*0701,0.9335941
ALALEVGELV,HLA-A*2402,0.47623405
DLLSHAFFAI,HLA-B*0702,0.70352435
VIQNLERGYR,HLA-A*0201,0.7694373
RMLYFAPDLV,HLA-B*0702,0.24086058
AAGIGILTVI,HLA-A*2402,0.6555867
MLMIVLLVFA,HLA-A*2402,0.4529361
VEGSGELFRW,HLA-C*0701,0.8960711
SLFEGIDFYT,HLA-A*2402,0.5691778
LIFLLLLPSV,HLA-A*2402,0.50462306
EAAGIGILTV,HLA-A*2402,0.7838781
WLSLKTLLSL,HLA-C*0701,0.83038163
GLDGLQYSPV,HLA-A*2402,0.57322013
CMLGTYTQDF,HLA-B*0702,0.50330764
VVVGACGVGK,HLA-C*0701,0.9760394
GLLFLHTRTI,HLA-C*0701,0.85974264
VCGERGFFYT,HLA-A*0201,0.8708193
KQLAELETWV,HLA-B*0702,0.6186716
GPGAGSLQPL,HLA-C*0701,0.8208525
EEEQAVRPKY,HLA-A*2402,0.6049521
ESLFRAVITK,HLA-C*0701,0.9019238
NLVESALRRV,HLA-C*0701,0.92046094
VIQNLERGYR,HLA-B*0702,0.858917
NVLHFFNAPL,HLA-A*2402,0.43607166
VEGSGELFRW,HLA-B*0702,0.51637876
VSCAGQMLEV,HLA-A*2402,0.8570139
LPPTKKHCSV,HLA-C*0701,0.56984395
QEQLLLKKMY,HLA-C*0701,0.7175452
ALLAGLVSLL,HLA-C*0701,0.93597174
GLLDKAVSNV,HLA-C*0701,0.9358064
VMNILLQYVV,HLA-A*2402,0.3470436
NLVRDDGSAV,HLA-C*0701,0.87864375
FLHHLIAEIH,HLA-B*0702,0.47865933
VVVGACGVGK,HLA-B*0702,0.8161533
ILEGIGILAV,HLA-A*2402,0.60254973
YLQGQRLDNV,HLA-A*2402,0.28455758
VRSLLRSHYR,HLA-A*0201,0.6867062
QYSWFVNGTF,HLA-A*0201,0.40265602
QLLHDKGKSI,HLA-C*0701,0.73062307
LLCYSCKAQV,HLA-B*0702,0.4600407
TLTSGIMFIV,HLA-B*0702,0.61616296
RYLTVAAVFR,HLA-B*0702,0.4811491
EYRGFTQDFK,HLA-B*0702,0.7583879
ILEQSGEWWK,HLA-A*2402,0.75943434
QEQLLLKKMY,HLA-A*0201,0.33753756
SLYQLENYCN,HLA-A*2402,0.7385089
VVSQIIDKLK,HLA-B*0702,0.42679045
GTAAIQAHYK,HLA-B*0702,0.33268523
LCGSHLVEAL,HLA-A*2402,0.44214976
TTLITNLSSV,HLA-C*0701,0.9585105
AMVWEGLNVV,HLA-C*0701,0.9170488
VISNDVCAQV,HLA-C*0701,0.7419751
LLLGAGESGK,HLA-B*0702,0.8271577
HPRYFNQLST,HLA-A*0201,0.33853698
LYLVCGERGF,HLA-B*0702,0.7053948
LLFGLALIEV,HLA-A*2402,0.5693908
SLFEGIDFYT,HLA-B*0702,0.7819582
GIHKQKEKSR,HLA-A*0201,0.4909437
RYYVGHKGKF,HLA-A*0201,0.49286145
NLSALGIFST,HLA-B*0702,0.75441
TTLITNLSSV,HLA-A*2402,0.59876573
GLLDKAVSNV,HLA-A*2402,0.4209476
AAGIGILTVI,HLA-C*0701,0.94655144
QLGPTCLSSL,HLA-C*0701,0.90240955
GIHKQKEKSR,HLA-C*0701,0.89870065
RMLYFAPDLV,HLA-C*0701,0.7496948
RLCHLSLMEK,HLA-B*0702,0.49125347
PLALEGSLQK,HLA-A*2402,0.6399437
SPVGSPGPLA,HLA-C*0701,0.9890913
KYEAMTKLGF,HLA-A*0201,0.32142112
LLAALVQDYL,HLA-C*0701,0.9289006
ILEGIGILSV,HLA-C*0701,0.97123396
FLKGIGWIPI,HLA-C*0701,0.8694424
LVALLACLTV,HLA-B*0702,0.7730464
MLLLLSAARA,HLA-B*0702,0.4443388
VRSLLRSHYR,HLA-B*0702,0.78823024
VILANIYLLV,HLA-B*0702,0.8354834
SLLGQLSGQV,HLA-A*2402,0.46669477
KLFGTSGQKT,HLA-A*2402,0.5270035
LLLASIAAGL,HLA-A*2402,0.4593386
CLLWSFQTSA,HLA-B*0702,0.3727034
YLQLVFGIEV,HLA-A*2402,0.38822985
HYRKWIKDTI,HLA-A*0201,0.6810003
ALWGPDPAAA,HLA-C*0701,0.9958171
SYGVLLWEIF,HLA-B*0702,0.20713356
ALSSQHQARI,HLA-C*0701,0.8045858
GPGAGSLQPL,HLA-A*2402,0.7930721
KLKHYGPGWV,HLA-A*2402,0.57271224
GLVLSGVLHK,HLA-B*0702,0.8209392
ALGMVLLGAK,HLA-B*0702,0.53559595
MLVGGSTLCV,HLA-C*0701,0.96872187
AMVMMKAILV,HLA-A*2402,0.35910082
ESLFRAVITK,HLA-A*2402,0.55744165
RLCHLSLMEK,HLA-C*0701,0.7326144
GLEALVPLAV,HLA-A*2402,0.7612225
DYPSLSATDI,HLA-A*0201,0.6769983
LLFGLALIEV,HLA-B*0702,0.89801764
KQLAELETWV,HLA-C*0701,0.9511375
CVDDSQDYYV,HLA-C*0701,0.8263401
KVETYKEQPL,HLA-C*0701,0.73634136
DYVREHKDNI,HLA-C*0701,0.8140099
LIFLLLLPSV,HLA-B*0702,0.48554167
TLTSGIMFIV,HLA-A*2402,0.5304421
CVDDSQDYYV,HLA-A*2402,0.47576562
EIDVNGILRV,HLA-A*2402,0.58153474
KLKHYGPGWV,HLA-C*0701,0.96774805
LGERQLVHVV,HLA-A*2402,0.21873888
LLLGIGILVL,HLA-C*0701,0.97654724
ALWMRLLPLL,HLA-C*0701,0.90238523
WSLGCILYEL,HLA-C*0701,0.9615892
NVLHFFNAPL,HLA-C*0701,0.7768273
DYVREHKDNI,HLA-A*0201,0.521294
DIAGIGLKTV,HLA-C*0701,0.95315343
SLLGQLSGQV,HLA-C*0701,0.9611578
QKLRNSCKTW,HLA-A*0201,0.59525037
CGSHLVEALY,HLA-B*0702,0.40136153
RLCHLSLMEK,HLA-A*2402,0.49430245
MLVGGSTLCV,HLA-A*2402,0.7374693
LLKSSCAPSV,HLA-C*0701,0.9142212
VLLALLMAGL,HLA-A*2402,0.6776365
STEWAEENSR,HLA-C*0701,0.97686815
LYCESVHNFT,HLA-A*0201,0.63033354
VISNDVCAQV,HLA-A*2402,0.33948424
KLVEFDFLGA,HLA-B*0702,0.81796926
DIAGIGLKTV,HLA-A*2402,0.5744755
YEVDTGTLKS,HLA-A*2402,0.48490447
FLHHLIAEIH,HLA-A*2402,0.5321691
VVSQIIDKLK,HLA-C*0701,0.869701
FLLSLFSLWL,HLA-C*0701,0.9040365
LLDKAVSNVI,HLA-C*0701,0.92284435
LVALLVCLTV,HLA-B*0702,0.57165635
SPVGSPGPLA,HLA-A*2402,0.91082114
GLLVSIFALK,HLA-A*2402,0.57791173
STEWAEENSR,HLA-A*2402,0.7936739
LGERQLVHVV,HLA-C*0701,0.7539892
VMIIVSSLAV,HLA-A*2402,0.23239544
YEVDTGTLKS,HLA-C*0701,0.8828418
SVAYKPGGFK,HLA-A*2402,0.92045695
QPWQVLVASR,HLA-A*0201,0.6315262
NYSVRYRPGL,HLA-A*0201,0.8285043
KAQVSNEDCL,HLA-C*0701,0.7448745
LLMWITQCFL,HLA-C*0701,0.9477339
AVYFKGLWKS,HLA-C*0701,0.8178071
NLVESALRRV,HLA-A*2402,0.6052106
VLVASRGRAV,HLA-A*2402,0.3345666
PAAAFVNQHL,HLA-C*0701,0.7526158
VVSQIIDKLK,HLA-A*2402,0.505156
GLPSGAPPGV,HLA-C*0701,0.94104505
GTAAIQAHYK,HLA-A*2402,0.5659111
VLLQAGSLHA,HLA-A*2402,0.79017437
LCGSHLVEAL,HLA-C*0701,0.9360147
LLGPKREVDM,HLA-C*0701,0.91226107
IVEQCCTSIC,HLA-A*0201,0.3373984
ILEGIGILAV,HLA-C*0701,0.98475504
LLFGLALIEV,HLA-C*0701,0.9781071
LIAHNQVRQV,HLA-A*2402,0.29979002
LLALLPALGL,HLA-C*0701,0.95249075
LQVGQVELGG,HLA-A*0201,0.7064729
CMLGTYTQDF,HLA-C*0701,0.930085
HPRYFNQLST,HLA-A*2402,0.366211
PLALEGSLQK,HLA-B*0702,0.7957642
YTCPLCRAPV,HLA-A*2402,0.5859847
IVEQCCTSIC,HLA-B*0702,0.394926
LLLGAGESGK,HLA-C*0701,0.95810217
LLKSSCAPSV,HLA-A*2402,0.49783072
MDLLSSRSPL,HLA-C*0701,0.80994916
LYCESVHNFT,HLA-B*0702,0.34346986
VMMVNGDHRI,HLA-C*0701,0.5140222
CGSHLVEALY,HLA-A*0201,0.76836663
ALALEVGELV,HLA-C*0701,0.79918146
GLDGLQYSPV,HLA-C*0701,0.91576076
GIHKQKEKSR,HLA-A*2402,0.48420957
CGSHLVEALY,HLA-A*2402,0.48007512
EEEQAVRPKY,HLA-A*0201,0.6458556
GISCQGIIAV,HLA-C*0701,0.9545368
ALSYLVSFQT,HLA-B*0702,0.30741543
TLLLEGVMAA,HLA-C*0701,0.91675866
APEAILSKAV,HLA-C*0701,0.6365794
AMVMMKAILV,HLA-C*0701,0.81937325
GLATVKSRWS,HLA-A*2402,0.7636133
YLQLVFGIEV,HLA-C*0701,0.91831195
DYSARWNEIF,HLA-A*0201,0.728129
EYRGFTQDFK,HLA-A*0201,0.5024697
EIDVNGILRV,HLA-C*0701,0.9605856
LLLGAGESGK,HLA-A*2402,0.7038908
LHHAFVDSIF,HLA-A*0201,0.6895363
ILKNADLSLA,HLA-A*2402,0.7808072
TLIRWAILEA,HLA-C*0701,0.8871546
VIQNLERGYR,HLA-A*2402,0.63610846
VIQNLERGYR,HLA-C*0701,0.94559693
LLCYSCKAQV,HLA-C*0701,0.73130417
ILEQSGEWWK,HLA-B*0702,0.92570996
VILANIYLLV,HLA-C*0701,0.9702282
ILVLASTITI,HLA-C*0701,0.96890426
HLCGSHLVEA,HLA-C*0701,0.9871899
SLQKRGIVEQ,HLA-C*0701,0.9359372
VCGERGFFYT,HLA-C*0701,0.94418335
VMNILLQYVV,HLA-B*0702,0.5235289
APEAILSKAV,HLA-A*2402,0.35105133
SVKSCKHKEK,HLA-A*2402,0.38943538
GLATVKSRWS,HLA-B*0702,0.84560406
MLMIVLLVFA,HLA-B*0702,0.5154556
PLLALLALWG,HLA-A*2402,0.76289904
HLCGSHLVEA,HLA-A*2402,0.6641137
QLCPICRAPV,HLA-A*2402,0.67257553
SLQKRGIVEQ,HLA-A*2402,0.4043264
ILKNADLSLA,HLA-C*0701,0.9691073
NLVRDDGSAV,HLA-A*2402,0.57788026
KLVEFDFLGA,HLA-A*2402,0.7608218
TLLLEGVMAA,HLA-A*2402,0.5580439
QLCPICRAPV,HLA-C*0701,0.94991016
KLFGTSGQKT,HLA-C*0701,0.92235106
GLLVSIFALK,HLA-B*0702,0.36091435
QPWQVLVASR,HLA-C*0701,0.9327207
GLEALVPLAV,HLA-C*0701,0.9935988
VVVGACGVGK,HLA-A*2402,0.8910979
SYGVLLWEIF,HLA-A*0201,0.43048757
LLLASIAAGL,HLA-C*0701,0.927845
GISCQGIIAV,HLA-A*2402,0.48444864
PLALEGSLQK,HLA-C*0701,0.8955891
VMNILLQYVV,HLA-C*0701,0.92157066
ALGMVLLGAK,HLA-A*2402,0.5381449
PLLALLALWG,HLA-A*0201,0.81597245
PLPPARNGGL,HLA-C*0701,0.9633661
LLCYSCKAQV,HLA-A*2402,0.511673
ALSYLVSFQT,HLA-A*2402,0.37745774
VLLQAGSLHA,HLA-C*0701,0.84521204
NLSALGIFST,HLA-A*2402,0.5364101
TLIRWAILEA,HLA-A*2402,0.42232168
CLLWSFQTSA,HLA-A*2402,0.5684418
SLYQLENYCN,HLA-B*0702,0.7822628
DLLSHAFFAI,HLA-C*0701,0.8650805
ILEQSGEWWK,HLA-C*0701,0.9615458
ALEGSLQKRG,HLA-B*0702,0.5949545
GIVEQCCTSI,HLA-A*2402,0.42478335
LVALLVCLTV,HLA-A*2402,0.49394748
LVALLACLTV,HLA-A*2402,0.56164974
LVALLVCLTV,HLA-C*0701,0.9464117
CILEMLIAAP,HLA-B*0702,0.5322089
GLLVSIFALK,HLA-C*0701,0.8980495
ALEGSLQKRG,HLA-A*2402,0.6175575
LALLALWGPD,HLA-A*0201,0.61678636
ALGMVLLGAK,HLA-C*0701,0.8754258
KLVEFDFLGA,HLA-C*0701,0.953123
LIFLLLLPSV,HLA-C*0701,0.89685774
VMIIVSSLAV,HLA-C*0701,0.8054774
LVALLACLTV,HLA-C*0701,0.95614016
GLATVKSRWS,HLA-C*0701,0.85736716
VLLALLMAGL,HLA-C*0701,0.9510884
MLLLLSAARA,HLA-A*2402,0.41537827
LQVGQVELGG,HLA-B*0702,0.7635379
ALSYLVSFQT,HLA-C*0701,0.84572196
MLMIVLLVFA,HLA-C*0701,0.9332143
NLSALGIFST,HLA-C*0701,0.9380666
VCGERGFFYT,HLA-A*2402,0.631185
QSDNGLDSDD,HLA-A*0201,0.804255
CLLWSFQTSA,HLA-C*0701,0.95192504
SLYQLENYCN,HLA-C*0701,0.91674256
LQVGQVELGG,HLA-A*2402,0.6021027
TPKTRREAED,HLA-A*2402,0.52186865
IVEQCCTSIC,HLA-A*2402,0.32683352
MLLLLSAARA,HLA-C*0701,0.7626648
ALEGSLQKRG,HLA-C*0701,0.9484248
LQVGQVELGG,HLA-C*0701,0.95148873
TPKTRREAED,HLA-C*0701,0.88341033
FLLMWSCFGT,HLA-A*2402,0.6636446
FLLMWSCFGT,HLA-B*0702,0.54122907
GIVEQCCTSI,HLA-C*0701,0.8188472
VCGERGFFYT,HLA-B*0702,0.6179187
CILEMLIAAP,HLA-A*2402,0.6938081
QSDNGLDSDD,HLA-A*2402,0.4989926
CILEMLIAAP,HLA-C*0701,0.9033916
QSDNGLDSDD,HLA-C*0701,0.9665624
QSDNGLDSDD,HLA-B*0702,0.8683057
LALLALWGPD,HLA-A*2402,0.7265283
LALLALWGPD,HLA-C*0701,0.95108354
IVEQCCTSIC,HLA-C*0701,0.84956497
LALLALWGPD,HLA-B*0702,0.46980223
TPKTRREAED,HLA-A*0201,0.46156603
FLLMWSCFGT,HLA-C*0701,0.9246051
PLLALLALWG,HLA-C*0701,0.96876884
PLLALLALWG,HLA-B*0702,0.7064831
